text,keywords
"SEO là viết tắt của Search Engine Optimization, là quá trình tối ưu hóa công cụ tìm kiếm.","SEO,Search Engine Optimization,tối ưu hóa,công cụ tìm kiếm"
"Tiêu đề bài viết cần chứa từ khóa để đạt hiệu quả SEO tốt.","tiêu đề,từ khóa,SEO"
"Viết đoạn mở đầu cho bài viết về SEO cho người mới, mang tính gợi mở.","Bạn mới bắt đầu tìm hiểu về SEO? Đừng lo, hành trình này thú vị hơn bạn nghĩ. Chỉ cần vài bước đơn giản, bạn sẽ thấy website mình bắt đầu xuất hiện trên Google."
"Viết đoạn kết cho bài viết về nghiên cứu từ khóa, khuyến khích độc giả bắt đầu ngay.","Giờ bạn đã hiểu rõ về nghiên cứu từ khóa, hãy chọn một chủ đề bạn yêu thích và bắt đầu thử ngay hôm nay. Mọi hành trình thành công đều bắt đầu từ một bước nhỏ."
"Viết đoạn nêu lợi ích của từ khóa dài trong SEO.","Từ khóa dài không chỉ dễ xếp hạng hơn mà còn nhắm trúng mục tiêu người đọc. Điều này đồng nghĩa với tỷ lệ chuyển đổi cao hơn mà bạn không cần cạnh tranh quá khốc liệt."
"Viết phần giới thiệu công cụ SEO miễn phí, giọng văn thân thiện.","Nếu bạn đang tìm kiếm công cụ SEO đơn giản mà hiệu quả, hãy thử Ubersuggest – một công cụ thân thiện, dễ dùng và hoàn toàn miễn phí cho người mới."
"Viết đoạn mở bài cho bài viết về tốc độ tải trang.","Bạn có biết tốc độ tải trang ảnh hưởng trực tiếp đến trải nghiệm người dùng và thứ hạng SEO? Chỉ vài giây chậm trễ có thể khiến bạn mất đi hàng loạt khách hàng tiềm năng."
"Viết đoạn khuyến nghị thêm internal link trong bài viết.", "Một mẹo nhỏ nhưng cực kỳ hiệu quả: hãy thêm liên kết nội bộ tới các bài viết liên quan. Điều này không chỉ giữ chân người đọc lâu hơn mà còn giúp Google hiểu rõ cấu trúc website của bạn."
"Viết đoạn CTA nhẹ nhàng cuối bài viết chia sẻ mẹo viết tiêu đề hấp dẫn.","Nếu bạn thấy những mẹo trên hữu ích, đừng ngại thử áp dụng trong bài viết tiếp theo của bạn. Một tiêu đề hấp dẫn có thể tạo nên khác biệt lớn."
"Viết đoạn nêu sai lầm phổ biến khi làm SEO.","Một sai lầm phổ biến khi làm SEO là nhồi nhét từ khóa quá mức. Điều này không chỉ khiến người đọc khó chịu mà còn bị Google phạt vì spam."
"Viết đoạn mô tả meta hấp dẫn cho bài viết về tối ưu hình ảnh.","Tối ưu hình ảnh giúp tăng tốc website và cải thiện trải nghiệm người dùng. Hãy khám phá những mẹo đơn giản để hình ảnh không còn làm chậm trang web của bạn."
"Viết đoạn chuyển tiếp giữa phần phân tích từ khóa và phần viết nội dung.","Sau khi đã xác định được từ khóa mục tiêu, bước tiếp theo là biến chúng thành nội dung hấp dẫn và phù hợp với người đọc."
